Title,Note,URL,Tags,Comment
,,,,
Chipotle Mexican Grill,,https://www.google.com/maps/place/Chipotle+Mexican+Grill/data=!4m2!3m1!1s0x89c2599c78b66abf:0x63a41e63bcc51490,,
Courant Institute of Mathematical Sciences,,https://www.google.com/maps/place/Courant+Institute+of+Mathematical+Sciences/data=!4m2!3m1!1s0x89c259906c2310ab:0xec1b39d8073fd2f8,,
Washington Square Park,,https://www.google.com/maps/place/Washington+Square+Park/data=!4m2!3m1!1s0x89c25990e23d7e8d:0xfa615edfd1b67e18,,
Ramen Takumi,,https://www.google.com/maps/place/Ramen+Takumi/data=!4m2!3m1!1s0x89c25999b810d1a7:0xbfb6f9611d3ee816,,
The Uncommons,,https://www.google.com/maps/place/The+Uncommons/data=!4m2!3m1!1s0x89c25991bc886989:0xee1e9d3564f4da55,,
Débutea,,https://www.google.com/maps/place/D%C3%A9butea/data=!4m2!3m1!1s0x89c2599195abffff:0x3683170eb47ebccb,,
Caffe Reggio,,https://www.google.com/maps/place/Caffe+Reggio/data=!4m2!3m1!1s0x89c25991817682af:0xc21f1f85a7b96c03,,
Spicy Moon West Village,,https://www.google.com/maps/place/Spicy+Moon+West+Village/data=!4m2!3m1!1s0x89c2596f0df71365:0x12678cf6f4c9d9e8,,
Pommes Frites,,https://www.google.com/maps/place/Pommes+Frites/data=!4m2!3m1!1s0x89c259918471410d:0xcbc1143f2d23fecb,,
Christopher Park,,https://www.google.com/maps/place/Christopher+Park/data=!4m2!3m1!1s0x89c2599473de54b7:0xc11ccb8d995afc5a,,
Fay Da Bakery,,https://www.google.com/maps/place/Fay+Da+Bakery/data=!4m2!3m1!1s0x89c25993c8b19471:0x8eb2bf379ed2fd13,,
Marie Blachère Bakery & Café,,https://www.google.com/maps/place/Marie+Blach%C3%A8re+Bakery+%26+Caf%C3%A9/data=!4m2!3m1!1s0x89c259adb6595055:0x53ab54e6eb47c720,,
Gandhi Cafe,,https://www.google.com/maps/place/Gandhi+Cafe/data=!4m2!3m1!1s0x89c25993a1af253d:0x245d8540ac506de1,,
Chobani SoHo,,https://www.google.com/maps/place/Chobani+SoHo/data=!4m2!3m1!1s0x89c2598dd3b24ab3:0xfc70a6fdec5ac63e,,
UNIQLO Soho Store,,https://www.google.com/maps/place/UNIQLO+Soho+Store/data=!4m2!3m1!1s0x89c2598edb6242d3:0x4ae291a9ff31e800,,
Chipotle Mexican Grill,,https://www.google.com/maps/place/Chipotle+Mexican+Grill/data=!4m2!3m1!1s0x89c25a13ee0dfe43:0x8036e2d8fcf9ecc4,,
REI,,https://www.google.com/maps/place/REI/data=!4m2!3m1!1s0x89c2598f77de3dfd:0x87e562609b1ec683,,
SPABLIC AKASAKA -SAUNA ONSEN,,https://www.google.com/maps/place/SPABLIC+AKASAKA+-SAUNA+ONSEN/data=!4m2!3m1!1s0x60188daeb7e5d353:0x3badb2e21b775ff0,,
Ochazuke and Onigiri Yamamotoyama,,https://www.google.com/maps/place/Ochazuke+and+Onigiri+Yamamotoyama/data=!4m2!3m1!1s0x60188d003072a3bb:0x7bd31568151cd52d,,
Tsukishima Monja Street,,https://www.google.com/maps/place/Tsukishima+Monja+Street/data=!4m2!3m1!1s0x601889703feec367:0xc190fce75167c01,,
Matsumoto Kiyoshi,,https://www.google.com/maps/place/Matsumoto+Kiyoshi/data=!4m2!3m1!1s0x60188d721c018fdd:0x70185062e534027,,
MUJI - Ginza Flagship Store,,https://www.google.com/maps/place/MUJI+-+Ginza+Flagship+Store/data=!4m2!3m1!1s0x60188baa38aecf7d:0xab5a3452172b5f9,,
Inokashira Park,,https://www.google.com/maps/place/Inokashira+Park/data=!4m2!3m1!1s0x6018ee357495662d:0x8067c21dd5e0f34f,,
Brown,,https://www.google.com/maps/place/Brown/data=!4m2!3m1!1s0x60188958d9f57bed:0x186ea42b13ef679,,
Hachiko Square,,https://www.google.com/maps/place/Hachiko+Square/data=!4m2!3m1!1s0x60188b78491b9667:0x1d5a39ab94bbb8d9,,
Tokio Suites,,https://www.google.com/maps/place/Tokio+Suites/data=!4m2!3m1!1s0x85d1ff5f78d03263:0x64af0928f3a59198,,
Yakumanka,,https://www.google.com/maps/place/Yakumanka/data=!4m2!3m1!1s0x85d1ffae31c80dbf:0x9ec4de43b4904efe,,
SHOWAMARU,,https://www.google.com/maps/place/SHOWAMARU/data=!4m2!3m1!1s0x60183c85ae4c465b:0xebc14e95619033f1,,
Medellín Market,,https://www.google.com/maps/place/Medell%C3%ADn+Market/data=!4m2!3m1!1s0x85d1ff3e68afc2e3:0x2c6d8bbc0a993987,,
"Curry House CoCo Ichibanya, KOREATOWN",,"https://www.google.com/maps/place/Curry+House+CoCo+Ichibanya,+KOREATOWN/data=!4m2!3m1!1s0x80c2c77d5be7cde9:0xefbb33a9fd63d1f1",,
全日食チェーン 藤源商店,,https://www.google.com/maps/place/%E5%85%A8%E6%97%A5%E9%A3%9F%E3%83%81%E3%82%A7%E3%83%BC%E3%83%B3+%E8%97%A4%E6%BA%90%E5%95%86%E5%BA%97/data=!4m2!3m1!1s0x60183d3e619fb299:0x189aa8514e8cd14d,,
Palacio de Bellas Artes,,https://www.google.com/maps/place/Palacio+de+Bellas+Artes/data=!4m2!3m1!1s0x85d1f92b75aa014d:0x17d810d20da6e8cf,,
Chapultepec Castle,,https://www.google.com/maps/place/Chapultepec+Castle/data=!4m2!3m1!1s0x85d1fecd47ed8f23:0xa6e0008524818b32,,
Tsurugizaki,,https://www.google.com/maps/place/Tsurugizaki/data=!4m2!3m1!1s0x60183d4e63b7c129:0x1cfe67a50379ce8,,
Miura Beach,,https://www.google.com/maps/place/Miura+Beach/data=!4m2!3m1!1s0x60183dc9707f879b:0x5ca809f160c16892,,
Templo Mayor Museum,,https://www.google.com/maps/place/Templo+Mayor+Museum/data=!4m2!3m1!1s0x85d1f92d7281d1dd:0x8c90beca651436b0,,
The Getty,,https://www.google.com/maps/place/The+Getty/data=!4m2!3m1!1s0x80c2bcd74227366f:0xda784a5a15aaaa25,,
Punjabi Deli,,https://www.google.com/maps/place/Punjabi+Deli/data=!4m2!3m1!1s0x89c25983ba146d29:0xf130988149a241e1,,
The Mercury Lounge,,https://www.google.com/maps/place/The+Mercury+Lounge/data=!4m2!3m1!1s0x89c25983c7db1c43:0x4adc1f2b7eef657d,,
Kisa,,https://www.google.com/maps/place/Kisa/data=!4m2!3m1!1s0x89c2590052648bdd:0x9bf652a8ba5bde31,,
New Museum,,https://www.google.com/maps/place/New+Museum/data=!4m2!3m1!1s0x89c25985dc52a495:0xe5b742a70f4c59da,,
MoMA Design Store,,https://www.google.com/maps/place/MoMA+Design+Store/data=!4m2!3m1!1s0x89c2598ed485b56b:0xfedb4f896b08ddaa,,
Champion Pizza - Soho,,https://www.google.com/maps/place/Champion+Pizza+-+Soho/data=!4m2!3m1!1s0x89c25988dc90e369:0x918de7164aa03ab5,,
% Arabica New York Nolita,,https://www.google.com/maps/place/%25+Arabica+New+York+Nolita/data=!4m2!3m1!1s0x89c25998e1e6af3b:0xd45e18d1c9ebcbf4,,
Rice To Riches,,https://www.google.com/maps/place/Rice+To+Riches/data=!4m2!3m1!1s0x89c25988b16d50b7:0x9742f9568a8cafb5,,
Teavva 茶花女,,https://www.google.com/maps/place/Teavva+%E8%8C%B6%E8%8A%B1%E5%A5%B3/data=!4m2!3m1!1s0x89c2599bab5687e5:0xd92abd86e210865,,
noodlelove,,https://www.google.com/maps/place/noodlelove/data=!4m2!3m1!1s0x89c259074aff7089:0xa06635b807fa8536,,
Corlears Hook Park,,https://www.google.com/maps/place/Corlears+Hook+Park/data=!4m2!3m1!1s0x89c25bd444a4946d:0x453dbb073a1ac074,,
Tiptara : Thai Food,,https://www.google.com/maps/place/Tiptara+:+Thai+Food/data=!4m2!3m1!1s0x89c25b40861c4897:0x4a6bfbafde7cf42f,,
Ernesto's,,https://www.google.com/maps/place/Ernesto's/data=!4m2!3m1!1s0x89c25b94fec7a4c9:0xbc005d2c0f9584a7,,
Joan H. & Preston Robert Tisch Center at Essex Crossing,,https://www.google.com/maps/place/Joan+H.+%26+Preston+Robert+Tisch+Center+at+Essex+Crossing/data=!4m2!3m1!1s0x89c259de8c66ce01:0x1a5b8eed81ca9a08,,
Wolfnights - The Gourmet Wrap,,https://www.google.com/maps/place/Wolfnights+-+The+Gourmet+Wrap/data=!4m2!3m1!1s0x89c259814a00fb07:0xe43b9c357edcd1e7,,
Lava Shawarma,,https://www.google.com/maps/place/Lava+Shawarma/data=!4m2!3m1!1s0x89c25995f9b4b253:0x79037cbee68fe568,,
Bluestockings Cooperative Bookstore,,https://www.google.com/maps/place/Bluestockings+Cooperative+Bookstore/data=!4m2!3m1!1s0x89c2595e2bbfbee1:0x492b11458dc1daa9,,
Cocoron,,https://www.google.com/maps/place/Cocoron/data=!4m2!3m1!1s0x89c259889ec882a9:0x94b396ae47745bc9,,
Petee's Pie Company,,https://www.google.com/maps/place/Petee's+Pie+Company/data=!4m2!3m1!1s0x89c259871dbc95eb:0xc7bfe0cf770f54e0,,
The Bowery Ballroom,,https://www.google.com/maps/place/The+Bowery+Ballroom/data=!4m2!3m1!1s0x89c259863914052d:0x1e5c3eb315d217d4,,
Essex Market,,https://www.google.com/maps/place/Essex+Market/data=!4m2!3m1!1s0x89c25980cf9dfced:0xf5403993386ea197,,
Pacific Aquarium & Plant,,https://www.google.com/maps/place/Pacific+Aquarium+%26+Plant/data=!4m2!3m1!1s0x89c25986f98b9d63:0x83d1165c287ba6a1,,
Chinatown Supermarket of Manhattan,,https://www.google.com/maps/place/Chinatown+Supermarket+of+Manhattan/data=!4m2!3m1!1s0x89c25a28e8e4eb09:0xc27c44ede080f2d6,,
Brooklyn Fare,,https://www.google.com/maps/place/Brooklyn+Fare/data=!4m2!3m1!1s0x89c25bb9ebdc5dc7:0x5ddef94a22619a9f,,
Grand Street Pizza,,https://www.google.com/maps/place/Grand+Street+Pizza/data=!4m2!3m1!1s0x89c259b47e7bd829:0xc8d86f11c534b6ed,,
E Noodle Chinatown,,https://www.google.com/maps/place/E+Noodle+Chinatown/data=!4m2!3m1!1s0x89c25b52f924cf11:0xcc199239c76a8668,,
Doughnut Plant,,https://www.google.com/maps/place/Doughnut+Plant/data=!4m2!3m1!1s0x89c25a2a074b26d9:0x5d638c1617230de6,,
Trader Joe's,,https://www.google.com/maps/place/Trader+Joe's/data=!4m2!3m1!1s0x89c259c8430160f5:0x80f40ea92594d9e7,,
Jade & Clover,,https://www.google.com/maps/place/Jade+%26+Clover/data=!4m2!3m1!1s0x89c2592f37794ce3:0xe8b65c748e63f0c5,,
Möge Tee,,https://www.google.com/maps/place/M%C3%B6ge+Tee/data=!4m2!3m1!1s0x89c25b7122fa1ca9:0x27a86749bea0f941,,
Dahing Plants,,https://www.google.com/maps/place/Dahing+Plants/data=!4m2!3m1!1s0x89c2598785336e8b:0x55c045a8ac2fd8f9,,
Double Crispy Bakery,,https://www.google.com/maps/place/Double+Crispy+Bakery/data=!4m2!3m1!1s0x89c259887316daa3:0xda876b5dd4bafbdf,,
The Chai Spot,,https://www.google.com/maps/place/The+Chai+Spot/data=!4m2!3m1!1s0x89c259d2e5705ba5:0xc3246f59ded9c11d,,
Kitchen Cô Út,,https://www.google.com/maps/place/Kitchen+C%C3%B4+%C3%9At/data=!4m2!3m1!1s0x89c2599d7d82a11d:0x1fbf1e2c142bd8ff,,
Bake Culture,,https://www.google.com/maps/place/Bake+Culture/data=!4m2!3m1!1s0x89c25a27ba36d40d:0xfcb2aecc716cbef,,
Happy Malaysia Canteen,,https://www.google.com/maps/place/Happy+Malaysia+Canteen/data=!4m2!3m1!1s0x89c25b5bd98e9909:0x23c31261f5710f7b,,
Tai Pan Bakery,,https://www.google.com/maps/place/Tai+Pan+Bakery/data=!4m2!3m1!1s0x89c25a277175cedf:0x865c948546d06014,,
Yin Ji Chang Fen,,https://www.google.com/maps/place/Yin+Ji+Chang+Fen/data=!4m2!3m1!1s0x89c25b0cae7d21cd:0x7f601d520ae50d2d,,
Silk Road Cafe,,https://www.google.com/maps/place/Silk+Road+Cafe/data=!4m2!3m1!1s0x89c25a26e564a879:0x648daa545bfc03a2,,
Yu & Me Books,,https://www.google.com/maps/place/Yu+%26+Me+Books/data=!4m2!3m1!1s0x89c25be3fe8ab65b:0xb81a20679a5e9ec,,
Wok Wok,,https://www.google.com/maps/place/Wok+Wok/data=!4m2!3m1!1s0x89c25a2694c3ffff:0xf440483b09f0bf1d,,
Columbus Park,,https://www.google.com/maps/place/Columbus+Park/data=!4m2!3m1!1s0x89c25a26d0f50065:0xe6130b5a5bc3eb0a,,
Spongies Cafe,,https://www.google.com/maps/place/Spongies+Cafe/data=!4m2!3m1!1s0x89c2596cd19f2355:0xc20236bb4ec952d8,,
Lily's Vegan Pantry,,https://www.google.com/maps/place/Lily's+Vegan+Pantry/data=!4m2!3m1!1s0x89c25989c2eefc67:0x82c42cfab57cda11,,
Canal Street Market,,https://www.google.com/maps/place/Canal+Street+Market/data=!4m2!3m1!1s0x89c2598a1c2ab6dd:0x882baebe8ff1a558,,
Spring Cafe,,https://www.google.com/maps/place/Spring+Cafe/data=!4m2!3m1!1s0x89c25b59ce58ec8f:0x1723d09eb6c8346d,,
Canal Lighting & Parts,,https://www.google.com/maps/place/Canal+Lighting+%26+Parts/data=!4m2!3m1!1s0x89c2598a45f3a221:0x4f7ce977c821a283,,
Honest Indian Restaurant,,https://www.google.com/maps/place/Honest+Indian+Restaurant/data=!4m2!3m1!1s0x89c259ba7875cb07:0x9b8053d41c1255c8,,
Mochidoki Cafe,,https://www.google.com/maps/place/Mochidoki+Cafe/data=!4m2!3m1!1s0x89c2596fa5a2818d:0x2fb863899821835f,,
McNally Jackson Books SoHo,,https://www.google.com/maps/place/McNally+Jackson+Books+SoHo/data=!4m2!3m1!1s0x89c2598f40e7a1c1:0xd81da90a790251be,,
Tiro A Segno of New York,,https://www.google.com/maps/place/Tiro+A+Segno+of+New+York/data=!4m2!3m1!1s0x89c259920dcad413:0x9aa526aa4382ffc8,,
Delice & Sarrasin,,https://www.google.com/maps/place/Delice+%26+Sarrasin/data=!4m2!3m1!1s0x89c259941df5118d:0x21d27e579522790a,,
Caffe Bene,,https://www.google.com/maps/place/Caffe+Bene/data=!4m2!3m1!1s0x89c2598ae28cd855:0x4552899ed1eb875d,,
Kaffe Landskap,,https://www.google.com/maps/place/Kaffe+Landskap/data=!4m2!3m1!1s0x89c259f5a6cdebff:0xa0dc2af4425c6bae,,
KATSUNO,,https://www.google.com/maps/place/KATSUNO/data=!4m2!3m1!1s0x89c25e1bc41b9c09:0xb0017994821ba263,,
Body By Brooklyn,,https://www.google.com/maps/place/Body+By+Brooklyn/data=!4m2!3m1!1s0x89c25bc6fc2521a1:0x7faa73faee911871,,
Food Story Natural Market,,https://www.google.com/maps/place/Food+Story+Natural+Market/data=!4m2!3m1!1s0x89c25700756578d1:0x959d514c66166971,,
Connecticut Muffin,,https://www.google.com/maps/place/Connecticut+Muffin/data=!4m2!3m1!1s0x89c25bb87b7df96b:0xfff908bba1decdaf,,
Nook,,https://www.google.com/maps/place/Nook/data=!4m2!3m1!1s0x89c25d3acd7b7ef5:0x56bfebe04aeed83d,,
Brooklyn Technical High School,,https://www.google.com/maps/place/Brooklyn+Technical+High+School/data=!4m2!3m1!1s0x89c25bb14c3e4b61:0x851d126ebc2e725c,,
Woori Korean Restaurant,,https://www.google.com/maps/place/Woori+Korean+Restaurant/data=!4m2!3m1!1s0x89c25b6227dd6511:0x1ed7162fa40a398,,
Birdy's,,https://www.google.com/maps/place/Birdy's/data=!4m2!3m1!1s0x89c25c08bd996569:0xb194b3a03b0df241,,
Charlotte Beach,,https://www.google.com/maps/place/Charlotte+Beach/data=!4m2!3m1!1s0x89c25992b6e408ef:0x4194de33743be37f,,
The Brooklyn Monarch,,https://www.google.com/maps/place/The+Brooklyn+Monarch/data=!4m2!3m1!1s0x89c259303ba00929:0x5c02c8fda6e95631,,
Domino Park,,https://www.google.com/maps/place/Domino+Park/data=!4m2!3m1!1s0x89c25941934bb85f:0x486aa5dc8e5c1416,,
Pokebab,,https://www.google.com/maps/place/Pokebab/data=!4m2!3m1!1s0x89c2595e08eecf79:0x7d88dc3d2b612df0,,
Fort Greene Park,,https://www.google.com/maps/place/Fort+Greene+Park/data=!4m2!3m1!1s0x89c25bb6edaffebd:0x78ef226ebb3eed50,,
ISKCON New York City - Hare Krishna Center,,https://www.google.com/maps/place/ISKCON+New+York+City+-+Hare+Krishna+Center/data=!4m2!3m1!1s0x89c25bb2da930f05:0x19d916725467c69,,
Café Kitsuné Boerum Hill,,https://www.google.com/maps/place/Caf%C3%A9+Kitsun%C3%A9+Boerum+Hill/data=!4m2!3m1!1s0x89c25bcbd78b22af:0x245a6a7b132e701c,,
Brooklyn Heights Promenade,,https://www.google.com/maps/place/Brooklyn+Heights+Promenade/data=!4m2!3m1!1s0x89c25a3702f50593:0xbe1607c739dedac7,,
Brooklyn Bridge Park,,https://www.google.com/maps/place/Brooklyn+Bridge+Park/data=!4m2!3m1!1s0x89c25a46a369a18d:0xa109779d5185c305,,
Next Stop Vegan,,https://www.google.com/maps/place/Next+Stop+Vegan/data=!4m2!3m1!1s0x89c25b77a98e17b7:0x712507af7d39536b,,
New York Transit Museum,,https://www.google.com/maps/place/New+York+Transit+Museum/data=!4m2!3m1!1s0x89c25a55356a3875:0xe3b6af03517c4e16,,
RAS Plant Based,,https://www.google.com/maps/place/RAS+Plant+Based/data=!4m2!3m1!1s0x89c25b48402a670b:0x5cd9b1214a892dc4,,
Murmrr,,https://www.google.com/maps/place/Murmrr/data=!4m2!3m1!1s0x89c25b09d17518a1:0xa37f0033477ac1b5,,
Urban Jungle,,https://www.google.com/maps/place/Urban+Jungle/data=!4m2!3m1!1s0x89c25c03d0200731:0xc716b18c26c0cda0,,
Ninth Street Bridge,,https://www.google.com/maps/place/Ninth+Street+Bridge/data=!4m2!3m1!1s0x89c25af73e4593f5:0x160c1c78a9435a0f,,
Rowing Launch Ramp,,https://www.google.com/maps/place/Rowing+Launch+Ramp/data=!4m2!3m1!1s0x89c25b179c6e543d:0x7bbbccdb39d271ad,,
The Green-Wood Cemetery,,https://www.google.com/maps/place/The+Green-Wood+Cemetery/data=!4m2!3m1!1s0x89c25ac2ce420ae7:0xad7fab8221c4fc67,,
Bowling Green,,https://www.google.com/maps/place/Bowling+Green/data=!4m2!3m1!1s0x89c25a115e5301cb:0x43730798e89e8d2,,
Tin Building by Jean-Georges,,https://www.google.com/maps/place/Tin+Building+by+Jean-Georges/data=!4m2!3m1!1s0x89c25b5c2fb3c20f:0x9445c2a840caa981,,
Nish Nush,,https://www.google.com/maps/place/Nish+Nush/data=!4m2!3m1!1s0x89c25a1f6be434d3:0x27455c7c9d107e80,,
Gunbae,,https://www.google.com/maps/place/Gunbae/data=!4m2!3m1!1s0x89c25a1ecd8e4331:0x4091bdffd33d338a,,
Takahachi Bakery,,https://www.google.com/maps/place/Takahachi+Bakery/data=!4m2!3m1!1s0x89c25a18c8ab0343:0x9a24de4ed521cfd3,,
Chipotle Mexican Grill,,https://www.google.com/maps/place/Chipotle+Mexican+Grill/data=!4m2!3m1!1s0x89c25a21e2cd7675:0x235aaaa8ad11dfd7,,
SuperFresh Two Bridges,,https://www.google.com/maps/place/SuperFresh+Two+Bridges/data=!4m2!3m1!1s0x89c25a247992969d:0x1d261ef01d0f00ee,,
Battery Park City Gourmet Market,,https://www.google.com/maps/place/Battery+Park+City+Gourmet+Market/data=!4m2!3m1!1s0x89c25a1c35e3a531:0x78aa45cc26131c54,,
Whole Foods Market,,https://www.google.com/maps/place/Whole+Foods+Market/data=!4m2!3m1!1s0x89c2598ae6598097:0x4020d3caec271d51,,
Rockefeller Park,,https://www.google.com/maps/place/Rockefeller+Park/data=!4m2!3m1!1s0x89c25a11c214c60f:0xb525cde92467ef16,,
Teardrop Park,,https://www.google.com/maps/place/Teardrop+Park/data=!4m2!3m1!1s0x89c25a1cf46098b3:0xc5229f4d55bceb37,,
Stuyvesant High School,,https://www.google.com/maps/place/Stuyvesant+High+School/data=!4m2!3m1!1s0x89c25a1db5f8b8c9:0xb5084500683f46f9,,
Brookfield Place,,https://www.google.com/maps/place/Brookfield+Place/data=!4m2!3m1!1s0x89c25a1b0cd3c8cb:0xf4ba617cb0ddc07,,
Dropped pin,,"https://www.google.com/maps/search/40.7077077,-73.9997565",,
Xi'an Famous Foods 西安名吃 | Financial District,,https://www.google.com/maps/place/Xi'an+Famous+Foods+%E8%A5%BF%E5%AE%89%E5%90%8D%E5%90%83+%7C+Financial+District/data=!4m2!3m1!1s0x89c25b983f12f9af:0x97cbe95d20a93e08,,
Burger King,,https://www.google.com/maps/place/Burger+King/data=!4m2!3m1!1s0x89c25a22cae107fd:0x1172b5bf31177a93,,
Trinity Church,,https://www.google.com/maps/place/Trinity+Church/data=!4m2!3m1!1s0x89c25a10ced9576d:0x108ca86bfa93609e,,
Le Pain Quotidien,,https://www.google.com/maps/place/Le+Pain+Quotidien/data=!4m2!3m1!1s0x89c25a14171f1ce1:0x1f6e85e79796beb8,,
IKEA,,https://www.google.com/maps/place/IKEA/data=!4m2!3m1!1s0x89c25a8dc5824073:0x9716464a8278360a,,
Kinokuniya Shinjuku Main Store,,https://www.google.com/maps/place/Kinokuniya+Shinjuku+Main+Store/data=!4m2!3m1!1s0x60186092cf48325d:0x24ac346bd72018a3,,
Shinjuku Marui Annex,,https://www.google.com/maps/place/Shinjuku+Marui+Annex/data=!4m2!3m1!1s0x60188cdb5b6aaaab:0x8717a26828d19a93,,
Sekaido Shinjuku,,https://www.google.com/maps/place/Sekaido+Shinjuku/data=!4m2!3m1!1s0x60188cdb568a6c15:0x4c84ac4975ce203,,
Palermo,,https://www.google.com/maps/place/Palermo/data=!4m2!3m1!1s0x60188d6634025afd:0x3bf7cc2182027b08,,
Riverside Park South,,https://www.google.com/maps/place/Riverside+Park+South/data=!4m2!3m1!1s0x89c258673741e3b1:0xf1ced98ed4380659,,
Frankford Hall,,https://www.google.com/maps/place/Frankford+Hall/data=!4m2!3m1!1s0x89c6c8697963d74f:0xefe38747d15a28c7,,
Chongligeng,,https://www.google.com/maps/place/Chongligeng/data=!4m2!3m1!1s0x35cb1c1a0b22a9b9:0xbfd4893ebdbce4bd,,
Woniu Residential District,,https://www.google.com/maps/place/Woniu+Residential+District/data=!4m2!3m1!1s0x35cb21b76baec345:0x5bd744882f43d4d4,,
Hefei,,https://www.google.com/maps/place/Hefei/data=!4m2!3m1!1s0x35cb640ef207cf9d:0xdc151173f2c33299,,
Nanjing,,https://www.google.com/maps/place/Nanjing/data=!4m2!3m1!1s0x35b58c9b668dcd83:0x8ffbb60b79df1b06,,
Bombay Chowk,,https://www.google.com/maps/place/Bombay+Chowk/data=!4m2!3m1!1s0x89c259191245f4e3:0x71d813ac1e5259a6,,
Goodwill NYNJ Store & Donation Center,,https://www.google.com/maps/place/Goodwill+NYNJ+Store+%26+Donation+Center/data=!4m2!3m1!1s0x89c258e7ebe25797:0x92ab357d7675e8ff,,
Rockaway Beach,,https://www.google.com/maps/place/Rockaway+Beach/data=!4m2!3m1!1s0x89c268463993b79b:0x120f3543e1685b3,,
Canarsie Pier,,https://www.google.com/maps/place/Canarsie+Pier/data=!4m2!3m1!1s0x89c25d299928fa7b:0x1bed8dded1c278fc,,
Plumb Beach (Gateway National Recreation Area),,https://www.google.com/maps/place/Plumb+Beach+(Gateway+National+Recreation+Area)/data=!4m2!3m1!1s0x89c2439c7c2f8f19:0xbf07ba241a4112ec,,
Deno's Wonder Wheel Amusement Park,,https://www.google.com/maps/place/Deno's+Wonder+Wheel+Amusement+Park/data=!4m2!3m1!1s0x89c24434534167ab:0x8cb4eba7154607ba,,
Luna Park in Coney Island,,https://www.google.com/maps/place/Luna+Park+in+Coney+Island/data=!4m2!3m1!1s0x89c2443594b7c71d:0x1503bf4bfd6f2c6f,,
New York Aquarium,,https://www.google.com/maps/place/New+York+Aquarium/data=!4m2!3m1!1s0x89c244360f1e1371:0x45f54e3a5017dbdc,,
Good View,,https://www.google.com/maps/place/Good+View/data=!4m2!3m1!1s0x89c24513dda5a977:0xdfffbaf9db94cce,,
20 Av,,https://www.google.com/maps/place/20+Av/data=!4m2!3m1!1s0x89c2450eda725277:0xca0153a792d0e65a,,
Angelina Paris Lexington,,https://www.google.com/maps/place/Angelina+Paris+Lexington/data=!4m2!3m1!1s0x89c259c87e371833:0x87cdb65045b9fc25,,
East Meadow,,https://www.google.com/maps/place/East+Meadow/data=!4m2!3m1!1s0x89c258a09a659229:0x3f109fc8569de5f1,,
Bacheng Ecology Wetland Park,,https://www.google.com/maps/place/Bacheng+Ecology+Wetland+Park/data=!4m2!3m1!1s0x35b3b2765b2fec3b:0x44b0c17e54e506e0,,
99 Ranch Market,,https://www.google.com/maps/place/99+Ranch+Market/data=!4m2!3m1!1s0x80c336610b11a3d7:0xdad5397feee4e9e7,,
UNIQLO Ontario Mills,,https://www.google.com/maps/place/UNIQLO+Ontario+Mills/data=!4m2!3m1!1s0x80c3357f4007bb91:0x98ae85a2487fca18,,
Alley Athletic Playground,,https://www.google.com/maps/place/Alley+Athletic+Playground/data=!4m2!3m1!1s0x89c26218049f5429:0xa0b88328b4c8a58,,
Alley Pond Park,,https://www.google.com/maps/place/Alley+Pond+Park/data=!4m2!3m1!1s0x89c261fff47a2ccf:0x3085b63551f7fe30,,
Brooklyn Botanic Garden,,https://www.google.com/maps/place/Brooklyn+Botanic+Garden/data=!4m2!3m1!1s0x89c25b0e68bf8bc1:0x57422fe45b635cda,,
Zatar Cafe & Bistro,,https://www.google.com/maps/place/Zatar+Cafe+%26+Bistro/data=!4m2!3m1!1s0x89c25bfbdb0e8f85:0xa9abc7f32a34e703,,
Coco Thai Bistro,,https://www.google.com/maps/place/Coco+Thai+Bistro/data=!4m2!3m1!1s0x89c25b1fcd4a21d9:0x77dc54621295b88b,,
McKinley Park,,https://www.google.com/maps/place/McKinley+Park/data=!4m2!3m1!1s0x89c2454490a83d95:0xc267e6142e8a5eeb,,
Costco Wholesale,,https://www.google.com/maps/place/Costco+Wholesale/data=!4m2!3m1!1s0x89c25ab8b1538913:0xb2823f5dbd75f07f,,
Sunset Park,,https://www.google.com/maps/place/Sunset+Park/data=!4m2!3m1!1s0x89c25ac85fcd7669:0x3b0395588247b8af,,
JOOY TEA SHOPPE,,https://www.google.com/maps/place/JOOY+TEA+SHOPPE/data=!4m2!3m1!1s0x89c245ffc8bd5cff:0x59ce83b472c8663a,,
Cipollini Pronto,,https://www.google.com/maps/place/Cipollini+Pronto/data=!4m2!3m1!1s0x89c2888e8b156ba3:0x8070082953661fbf,,
"Northwell Health Physician Partners LGBTQ Transgender Program at New Hyde 
Park",,https://www.google.com/maps/place/Northwell+Health+Physician+Partners+LGBTQ+Transgender+Program+at+New+Hyde+%0APark/data=!4m2!3m1!1s0x89c289642489a26d:0xcb987df192af7cf8,,
Americana Manhasset,,https://www.google.com/maps/place/Americana+Manhasset/data=!4m2!3m1!1s0x89c2888c2a5b7b03:0x5ac97a8118026c5d,,
Pershing Square,,https://www.google.com/maps/place/Pershing+Square/data=!4m2!3m1!1s0x80c2c648d6841e69:0x985c91941e8627dc,,
Los Angeles Central Library,,https://www.google.com/maps/place/Los+Angeles+Central+Library/data=!4m2!3m1!1s0x80c2c7b373fdfeab:0xacccc807c7d16523,,
Japanese Village Plaza,,https://www.google.com/maps/place/Japanese+Village+Plaza/data=!4m2!3m1!1s0x80c2c6480cf9ad7b:0x7478899f5b75e2ab,,
Mex Perú Gipsy,,https://www.google.com/maps/place/Mex+Per%C3%BA+Gipsy/data=!4m2!3m1!1s0x80c2c7cd9ec885e5:0xe08092bd8e0d6381,,
The Last Bookstore,,https://www.google.com/maps/place/The+Last+Bookstore/data=!4m2!3m1!1s0x80c2c64a227f82ed:0x8591a1380838a935,,
Tea & Ginseng,,https://www.google.com/maps/place/Tea+%26+Ginseng/data=!4m2!3m1!1s0x80c2c550b065a347:0xe9a431ca4c4b8cef,,
The Broad,,https://www.google.com/maps/place/The+Broad/data=!4m2!3m1!1s0x80c2c64d122ca65d:0x98f1041528d11ebf,,
H Mart LA Madang,,https://www.google.com/maps/place/H+Mart+LA+Madang/data=!4m2!3m1!1s0x80c2b89a966c6269:0xf33132d7f10cd34,,
OMOMO Tea Shoppe,,https://www.google.com/maps/place/OMOMO+Tea+Shoppe/data=!4m2!3m1!1s0x80c32d5694a8c81b:0x1e21b35a236d6fe8,,
Breakfast Republic,,https://www.google.com/maps/place/Breakfast+Republic/data=!4m2!3m1!1s0x80d953591b1a63ed:0x51608ef4df0cd453,,
Soriana Súper Revolución,,https://www.google.com/maps/place/Soriana+S%C3%BAper+Revoluci%C3%B3n/data=!4m2!3m1!1s0x80d948707fe5891f:0x79013c5d7b05b74c,,
Silver Strand State Beach,,https://www.google.com/maps/place/Silver+Strand+State+Beach/data=!4m2!3m1!1s0x80d9529f1d37ae3d:0x39de86efd8ace8ff,,
Dripp,,https://www.google.com/maps/place/Dripp/data=!4m2!3m1!1s0x80c332af417ddb81:0xca84e985f97c9b31,,
Shancheng Lameizi,,https://www.google.com/maps/place/Shancheng+Lameizi/data=!4m2!3m1!1s0x80c32a574f7f66f9:0xe26ef0c7fea66243,,
99 Ranch Market,,https://www.google.com/maps/place/99+Ranch+Market/data=!4m2!3m1!1s0x80c32a5a1a139a6f:0xb02ee4891b3fa17a,,
Bird Rock Coffee Roasters,,https://www.google.com/maps/place/Bird+Rock+Coffee+Roasters/data=!4m2!3m1!1s0x80d954b379be21ab:0x837b91357ed036d,,
Balboa Park,,https://www.google.com/maps/place/Balboa+Park/data=!4m2!3m1!1s0x80d95496fa70cb03:0xedf30b3cb015f6c4,,
The Museum of Jurassic Technology,,https://www.google.com/maps/place/The+Museum+of+Jurassic+Technology/data=!4m2!3m1!1s0x80c2ba2a3a42f1ed:0xec9a6f1ab095a05c,,
Coronado Ferry Terminal,,https://www.google.com/maps/place/Coronado+Ferry+Terminal/data=!4m2!3m1!1s0x80d954ab52c8c195:0x17e8be596c567dad,,
DMV Road test site at Laurelton,,https://www.google.com/maps/place/DMV+Road+test+site+at+Laurelton/data=!4m2!3m1!1s0x89c263fc824453a9:0x5486dc7f69f3cfd6,,
Jamaica Bay Wildlife Refuge,,https://www.google.com/maps/place/Jamaica+Bay+Wildlife+Refuge/data=!4m2!3m1!1s0x89c267e24da14e21:0xcb370ba6c54fe,,
Jacob Riis Park,,https://www.google.com/maps/place/Jacob+Riis+Park/data=!4m2!3m1!1s0x89c2424466b27563:0xfdf6d9a6c4e5da91,,
Animal Care Centers of NYC - Brooklyn,,https://www.google.com/maps/place/Animal+Care+Centers+of+NYC+-+Brooklyn/data=!4m2!3m1!1s0x89c25da62727a607:0x1560b865cc20afff,,
Costco Wholesale,,https://www.google.com/maps/place/Costco+Wholesale/data=!4m2!3m1!1s0x89c265da70342425:0x10448a1401930e6e,,
Long Beach Boardwalk,,https://www.google.com/maps/place/Long+Beach+Boardwalk/data=!4m2!3m1!1s0x89c26faeb1c78413:0x84744004d3fc5408,,
Margaritas Cafe,,https://www.google.com/maps/place/Margaritas+Cafe/data=!4m2!3m1!1s0x89c26feb4b236959:0x963beb0bc9bc239,,
Adelphi University,,https://www.google.com/maps/place/Adelphi+University/data=!4m2!3m1!1s0x89c27d331fcedefd:0xde99ed1911587e60,,
Roosevelt Field,,https://www.google.com/maps/place/Roosevelt+Field/data=!4m2!3m1!1s0x89c27d7c3799f1b1:0xe6dbab6579494bb6,,
Huntington,,https://www.google.com/maps/place/Huntington/data=!4m2!3m1!1s0x89e8288c71393e29:0x9fed60090e46b602,,
Montauk Point Lighthouse Museum,,https://www.google.com/maps/place/Montauk+Point+Lighthouse+Museum/data=!4m2!3m1!1s0x89ef55d836195fd7:0x3d4100f61c982290,,
Kings Park High School,,https://www.google.com/maps/place/Kings+Park+High+School/data=!4m2!3m1!1s0x89e83ae2f8bd07cb:0xab386607739305d1,,
T & J,,https://www.google.com/maps/place/T+%26+J/data=!4m2!3m1!1s0x89c258a6e45793d9:0x196bdbb8b72c67ab,,
Riverbank State Park,,https://www.google.com/maps/place/Riverbank+State+Park/data=!4m2!3m1!1s0x89c2f66196bbf63f:0x7079f57784ba2831,,
BOOKOFF New York,,https://www.google.com/maps/place/BOOKOFF+New+York/data=!4m2!3m1!1s0x80dd2605c877b8eb:0xd8a58622ae17e652,,
New York Public Library - Stephen A. Schwarzman Building,,https://www.google.com/maps/place/New+York+Public+Library+-+Stephen+A.+Schwarzman+Building/data=!4m2!3m1!1s0x89c2590099a8a8a9:0x3b51df6e509a734c,,
MUJI Fifth Avenue,,https://www.google.com/maps/place/MUJI+Fifth+Avenue/data=!4m2!3m1!1s0x89c259005f386c01:0x9e777afaa1b9a99b,,
Nana's Home Stay,,https://www.google.com/maps/place/Nana's+Home+Stay/data=!4m2!3m1!1s0x357ca2f7037def57:0xbd8f6039b7a75dfc,,
자유식당,,https://www.google.com/maps/place/%EC%9E%90%EC%9C%A0%EC%8B%9D%EB%8B%B9/data=!4m2!3m1!1s0x357024a1ed7126ed:0x99d7dbd125b3a0e,,
□○堂 長野(KAKUMARUDO NAGANO),,https://www.google.com/maps/place/%E2%96%A1%E2%97%8B%E5%A0%82+%E9%95%B7%E9%87%8E(KAKUMARUDO+NAGANO)/data=!4m2!3m1!1s0x601d86e30fefddf3:0x73ec1a61a27ccb0,,
Myeongdong,,https://www.google.com/maps/place/Myeongdong/data=!4m2!3m1!1s0x357ca2fa7fb9dbfd:0xf60d1dcde0189fa3,,
Aqua garden cafe Lotte World Tower,,https://www.google.com/maps/place/Aqua+garden+cafe+Lotte+World+Tower/data=!4m2!3m1!1s0x357ca56a9e0ff261:0xa6d573ac3b21f7c2,,
Petika,,https://www.google.com/maps/place/Petika/data=!4m2!3m1!1s0x60188f441d7bf307:0x593b02ea38c17d89,,
Sensō-ji,,https://www.google.com/maps/place/Sens%C5%8D-ji/data=!4m2!3m1!1s0x60188ec1a4463df1:0x6c0d289a8292810d,,
Mammoth Cave,,https://www.google.com/maps/place/Mammoth+Cave/data=!4m2!3m1!1s0x8866032940e7f5b5:0xaad4a8c31e8abc0b,,
Kushi-Katsu Tanaka Akasaka,,https://www.google.com/maps/place/Kushi-Katsu+Tanaka+Akasaka/data=!4m2!3m1!1s0x60188c7f5a2dbecb:0x68173d14d1a1ae5b,,
로떼PC까페,,https://www.google.com/maps/place/%EB%A1%9C%EB%96%BCPC%EA%B9%8C%ED%8E%98/data=!4m2!3m1!1s0x3568e9a0e46d734b:0x5e427814ec118d33,,
Haeundae Beach,,https://www.google.com/maps/place/Haeundae+Beach/data=!4m2!3m1!1s0x35688d5c0efe075f:0x9963b1d5c163ac98,,
Roppongi Tsutaya Books,,https://www.google.com/maps/place/Roppongi+Tsutaya+Books/data=!4m2!3m1!1s0x60188b9dff6654f9:0x999a379b39b60c41,,
LOTTE Department Store Gwangbok,,https://www.google.com/maps/place/LOTTE+Department+Store+Gwangbok/data=!4m2!3m1!1s0x3568e90ce42927c7:0x5d3d0805166065eb,,
Shanghai Library,,https://www.google.com/maps/place/Shanghai+Library/data=!4m2!3m1!1s0x35b2654d51601359:0x88c0f0e403050418,,
35 Mangyang-ro 355beon-gil,,https://www.google.com/maps/place/35+Mangyang-ro+355beon-gil/data=!4m2!3m1!1s0x3568e99df0c5b0b7:0xba939664147651a9,,
Dongbaek Island Coastal Promenade,,https://www.google.com/maps/place/Dongbaek+Island+Coastal+Promenade/data=!4m2!3m1!1s0x356893305f329e37:0x4f08d48d62c52612,,
Yoyogi Park,,https://www.google.com/maps/place/Yoyogi+Park/data=!4m2!3m1!1s0x60188cb479620a33:0x34bcc78ce7f8bf3e,,
Meiji Jingu,,https://www.google.com/maps/place/Meiji+Jingu/data=!4m2!3m1!1s0x60188cb79a4c26e5:0x8fca893849103f73,,
Hilton Anatole,,https://www.google.com/maps/place/Hilton+Anatole/data=!4m2!3m1!1s0x864e99529345015b:0x841a9bf37302f7e2,,
Komeraku: Vegetables and Ochazuke - Shibuya Hikarie,,https://www.google.com/maps/place/Komeraku:+Vegetables+and+Ochazuke+-+Shibuya+Hikarie/data=!4m2!3m1!1s0x60188b5850e5a83f:0xb23899d8d2e5937f,,
B&H Photo Video - Electronics and Camera Store,,https://www.google.com/maps/place/B%26H+Photo+Video+-+Electronics+and+Camera+Store/data=!4m2!3m1!1s0x89c259b23ddddd23:0xb0dc42ba2848322,,
Anixi,,https://www.google.com/maps/place/Anixi/data=!4m2!3m1!1s0x89c259da02a71c69:0x6b25151ed000b67d,,
Bean & Bean Chelsea,,https://www.google.com/maps/place/Bean+%26+Bean+Chelsea/data=!4m2!3m1!1s0x89c259ba9cc5364b:0x9496ca47e3d2b96c,,
Starbucks Reserve Roastery New York,,https://www.google.com/maps/place/Starbucks+Reserve+Roastery+New+York/data=!4m2!3m1!1s0x89c259bf6dd90021:0x645ce21be1b31735,,
Pier 53,,https://www.google.com/maps/place/Pier+53/data=!4m2!3m1!1s0x89c259c1c7c5dc15:0xee44c090931d46bd,,
Little Island,,https://www.google.com/maps/place/Little+Island/data=!4m2!3m1!1s0x89c259319989e02f:0xbc9fdbef8d2af7b0,,
The High Line,,https://www.google.com/maps/place/The+High+Line/data=!4m2!3m1!1s0x89c259c7840fb4e5:0x583f615c850a3c91,,
Whitney Museum of American Art,,https://www.google.com/maps/place/Whitney+Museum+of+American+Art/data=!4m2!3m1!1s0x89c25894ea097337:0xc63f52f9d53d7889,,
Red Poke,,https://www.google.com/maps/place/Red+Poke/data=!4m2!3m1!1s0x89c25852545fb467:0xc3014d5e5bfb7f08,,
Consulate General of the People's Republic of China in New York,,https://www.google.com/maps/place/Consulate+General+of+the+People's+Republic+of+China+in+New+York/data=!4m2!3m1!1s0x89c2584c1b7c4547:0xf2eb09ed5064eb4e,,
Ippudo Westside,,https://www.google.com/maps/place/Ippudo+Westside/data=!4m2!3m1!1s0x89c2585704dadb07:0x134867276342eb91,,
Bibble & Sip,,https://www.google.com/maps/place/Bibble+%26+Sip/data=!4m2!3m1!1s0x89c25857ad3e9293:0x48a43a26f8aa9b10,,
American Museum of Natural History,,https://www.google.com/maps/place/American+Museum+of+Natural+History/data=!4m2!3m1!1s0x89c258f4b00f7a09:0xa27d8172624c5db1,,
"Levain Bakery – Upper West Side, NYC",,"https://www.google.com/maps/place/Levain+Bakery+%E2%80%93+Upper+West+Side,+NYC/data=!4m2!3m1!1s0x89c258891c619eb1:0x42d5a958e823d690",,
The Ramble,,https://www.google.com/maps/place/The+Ramble/data=!4m2!3m1!1s0x89c2589253f757ff:0xb2225edd45cf5f1f,,
UNIQLO 5th Avenue,,https://www.google.com/maps/place/UNIQLO+5th+Avenue/data=!4m2!3m1!1s0x89c258fbea19da6f:0x55cb1d86a6ae7ba9,,
Paris Baguette,,https://www.google.com/maps/place/Paris+Baguette/data=!4m2!3m1!1s0x89c258f7d6695c9f:0xda2978e289355c4,,
Bethesda Terrace,,https://www.google.com/maps/place/Bethesda+Terrace/data=!4m2!3m1!1s0x89c25892a6168611:0x9d94703beba53b51,,
The Metropolitan Museum of Art,,https://www.google.com/maps/place/The+Metropolitan+Museum+of+Art/data=!4m2!3m1!1s0x89c25896f660c26f:0x3b2fa4f4b6c6a1fa,,
The Museum of Modern Art,,https://www.google.com/maps/place/The+Museum+of+Modern+Art/data=!4m2!3m1!1s0x89c258f97bdb102b:0xea9f8fc0b3ffff55,,
CHIRP,,https://www.google.com/maps/place/CHIRP/data=!4m2!3m1!1s0x89c259aa8c53975b:0xe2a3438aff519445,,
Paris Baguette,,https://www.google.com/maps/place/Paris+Baguette/data=!4m2!3m1!1s0x89c259a10a12331b:0x3a870575a90e0d6c,,
Shakespeare & Co,,https://www.google.com/maps/place/Shakespeare+%26+Co/data=!4m2!3m1!1s0x89c258ebc6c03d09:0x2288c6aa819e5041,,
St. Catherine's Park,,https://www.google.com/maps/place/St.+Catherine's+Park/data=!4m2!3m1!1s0x89c258c26d390d6d:0x693a1e69f3b57c77,,
Carl Schurz Park,,https://www.google.com/maps/place/Carl+Schurz+Park/data=!4m2!3m1!1s0x89c258b13c4e67e3:0x330ceb7e46517d47,,
Hunter College,,https://www.google.com/maps/place/Hunter+College/data=!4m2!3m1!1s0x89c258eb899f0889:0xb5e90aa7d877ee1f,,
Tina's Cuban,,https://www.google.com/maps/place/Tina's+Cuban/data=!4m2!3m1!1s0x89c258fa14f90ae7:0x3f365ef773c43ae,,
THEP Thai Restaurant,,https://www.google.com/maps/place/THEP+Thai+Restaurant/data=!4m2!3m1!1s0x89c258c07a5ea5cf:0x5cf2ab26e12e1634,,
Queensboro Bridge,,https://www.google.com/maps/place/Queensboro+Bridge/data=!4m2!3m1!1s0x89c258dc11baf945:0x9a2cb4b688d10760,,
Lincoln Center for the Performing Arts,,https://www.google.com/maps/place/Lincoln+Center+for+the+Performing+Arts/data=!4m2!3m1!1s0x89c258f55fbea537:0x49d5f074061cac4e,,
Whole Foods Market,,https://www.google.com/maps/place/Whole+Foods+Market/data=!4m2!3m1!1s0x89c258f6222aa3bd:0xc583bb4da2f5d6f6,,
Alex's MVP Cards and Comics,,https://www.google.com/maps/place/Alex's+MVP+Cards+and+Comics/data=!4m2!3m1!1s0x89c258bb2a22ee13:0x5d0ae3301c3f54b6,,
Karaoke DUET 53,,https://www.google.com/maps/place/Karaoke+DUET+53/data=!4m2!3m1!1s0x89c25857f2c075f7:0x70f9ec27d21285cb,,
red poke,,https://www.google.com/maps/place/red+poke/data=!4m2!3m1!1s0x89c2595e10c0bedf:0xe130adfe93a94272,,
Kit Kat Club at the August Wilson Theatre,,https://www.google.com/maps/place/Kit+Kat+Club+at+the+August+Wilson+Theatre/data=!4m2!3m1!1s0x89c2585665784711:0x1f6534b2eb3833a1,,
Carnegie Hall,,https://www.google.com/maps/place/Carnegie+Hall/data=!4m2!3m1!1s0x89c258f7785411d9:0x3d14b15e5c7a9477,,
St. Patrick's Cathedral,,https://www.google.com/maps/place/St.+Patrick's+Cathedral/data=!4m2!3m1!1s0x89c258fc102f6e51:0x88603435e036aa5b,,
Sutton Parks,,https://www.google.com/maps/place/Sutton+Parks/data=!4m2!3m1!1s0x89c2593446d0c19d:0xd747ad7e417fb89,,
St. Vartan Park,,https://www.google.com/maps/place/St.+Vartan+Park/data=!4m2!3m1!1s0x89c25905732954eb:0x1aed74796a9f1429,,
Grand Central Terminal,,https://www.google.com/maps/place/Grand+Central+Terminal/data=!4m2!3m1!1s0x89c259599991bdf9:0xcdb22344c069bda5,,
William H. Gray III 30th Street,,https://www.google.com/maps/place/William+H.+Gray+III+30th+Street/data=!4m2!3m1!1s0x89c6c64edfc6112b:0xaecb4b2c47dd6d3f,,
Newark-Penn Station,,https://www.google.com/maps/place/Newark-Penn+Station/data=!4m2!3m1!1s0x89c253843dc69899:0x44891b9057a2277,,
Victoria Park,,https://www.google.com/maps/place/Victoria+Park/data=!4m2!3m1!1s0x8a2d15b1043177e1:0xf9645b69ddd059fe,,
Glacier Bay,,https://www.google.com/maps/place/Glacier+Bay/data=!4m2!3m1!1s0x5401dc2103d9fb8b:0xfa8f05e5ea411c1c,,
Remi43 Flower & Coffee,,https://www.google.com/maps/place/Remi43+Flower+%26+Coffee/data=!4m2!3m1!1s0x89c259ee0b9b8e37:0x16e09213d055b1d6,,
Yoan Ming Garden,,https://www.google.com/maps/place/Yoan+Ming+Garden/data=!4m2!3m1!1s0x89c258a72ea9f799:0xbb9949764ae19d53,,
Famous Famiglia Pizzeria,,https://www.google.com/maps/place/Famous+Famiglia+Pizzeria/data=!4m2!3m1!1s0x89c258a12a253a1b:0xe34fb73fd5085765,,
Hunter College Campus Schools,,https://www.google.com/maps/place/Hunter+College+Campus+Schools/data=!4m2!3m1!1s0x89c258a1586dd00f:0x8b64d2b7c7b34eb9,,
"Cooper Hewitt, Smithsonian Design Museum",,"https://www.google.com/maps/place/Cooper+Hewitt,+Smithsonian+Design+Museum/data=!4m2!3m1!1s0x89c258a2492a3fb1:0x2028546238b46dfa",,
Museum of the City of New York,,https://www.google.com/maps/place/Museum+of+the+City+of+New+York/data=!4m2!3m1!1s0x89c2f61db458888b:0x19a6fb3bfd71dad4,,
Solomon R. Guggenheim Museum,,https://www.google.com/maps/place/Solomon+R.+Guggenheim+Museum/data=!4m2!3m1!1s0x89c258a29a5e9e99:0x4a01c8df6fb3cb8,,
Center For Avian & Exotic Medicine,,https://www.google.com/maps/place/Center+For+Avian+%26+Exotic+Medicine/data=!4m2!3m1!1s0x89c25884acec5b99:0xef42ec845891ef39,,
Orwashers Bakery,,https://www.google.com/maps/place/Orwashers+Bakery/data=!4m2!3m1!1s0x89c258860f3d186f:0x4fd44e013aecb6c5,,
Hamilton Hall,,https://www.google.com/maps/place/Hamilton+Hall/data=!4m2!3m1!1s0x89c2f63e70bb34ab:0xd45652ffd4e6c310,,
Morningside Park,,https://www.google.com/maps/place/Morningside+Park/data=!4m2!3m1!1s0x89c2f6151d88393d:0x17adf7e0a04b0cf5,,
371 W 126th St,,https://www.google.com/maps/place/371+W+126th+St/data=!4m2!3m1!1s0x89c2f66c85146d03:0xb3773c821fe79942,,
Riverside Park,,https://www.google.com/maps/place/Riverside+Park/data=!4m2!3m1!1s0x89c2f62ed8cf502f:0x7c67f4849fdf7287,,
Alfred Lerner Hall,,https://www.google.com/maps/place/Alfred+Lerner+Hall/data=!4m2!3m1!1s0x89c2f63ea1bb7e83:0x1bc00fa069284ecb,,
125 St,,https://www.google.com/maps/place/125+St/data=!4m2!3m1!1s0x89c2f66cbe4d8337:0x44ad6079e52d0bd1,,
Chipotle Mexican Grill,,https://www.google.com/maps/place/Chipotle+Mexican+Grill/data=!4m2!3m1!1s0x89c2f69c47e7358b:0xfb4265db52f93efa,,
Highbridge Park,,https://www.google.com/maps/place/Highbridge+Park/data=!4m2!3m1!1s0x89c2f427bd628e23:0x4a0c3f7ec8bc0e33,,
Bennett Park,,https://www.google.com/maps/place/Bennett+Park/data=!4m2!3m1!1s0x89c2f6a73035b14d:0x87b7ff3e59276c9a,,
Thomas Jefferson Park,,https://www.google.com/maps/place/Thomas+Jefferson+Park/data=!4m2!3m1!1s0x89c2f5fdfafe0833:0xdbc84010bd781ed5,,
Hell Gate Bridge,,https://www.google.com/maps/place/Hell+Gate+Bridge/data=!4m2!3m1!1s0x89c25f59bb469cf3:0x513a364cb1582954,,
Morrison Av-Soundview,,https://www.google.com/maps/place/Morrison+Av-Soundview/data=!4m2!3m1!1s0x89c2f4ef9ee85c6b:0x683ae88b544d02f7,,
Bronx Zoo,,https://www.google.com/maps/place/Bronx+Zoo/data=!4m2!3m1!1s0x89c2f483516ad28b:0x56eb41c9795102e,,
The Met Cloisters,,https://www.google.com/maps/place/The+Met+Cloisters/data=!4m2!3m1!1s0x89c2f40170f2a62b:0x9191e7fa95df29ad,,
Mitsuwa Marketplace - New Jersey,,https://www.google.com/maps/place/Mitsuwa+Marketplace+-+New+Jersey/data=!4m2!3m1!1s0x89c2f64a5606cb39:0x9d3e2d129ac7672e,,
Doña Antonia,,https://www.google.com/maps/place/Do%C3%B1a+Antonia/data=!4m2!3m1!1s0x89c25827ee912f57:0xbfc6db9819f0b190,,
Coffee Mill Roasters,,https://www.google.com/maps/place/Coffee+Mill+Roasters/data=!4m2!3m1!1s0x89c3ac2ba1cefc9f:0xb73e41ed6432608,,
Taylor Park,,https://www.google.com/maps/place/Taylor+Park/data=!4m2!3m1!1s0x89c3ad0d7f7502b9:0x27484d9246a4c2b2,,
Millburn Free Public Library,,https://www.google.com/maps/place/Millburn+Free+Public+Library/data=!4m2!3m1!1s0x89c3ac2e0a459339:0x3e62f9c25bf9bd53,,
Pho Saigon II,,https://www.google.com/maps/place/Pho+Saigon+II/data=!4m2!3m1!1s0x89c48b073aa2a82f:0x266792561ad88565,,
Cracker Barrel Old Country Store,,https://www.google.com/maps/place/Cracker+Barrel+Old+Country+Store/data=!4m2!3m1!1s0x89daeff411dc5e53:0xe883f91ba82141b1,,
Big Pocono State Park,,https://www.google.com/maps/place/Big+Pocono+State+Park/data=!4m2!3m1!1s0x89c4f4b509d1a249:0x2a7e2a6c0323a662,,
Great Wolf Lodge Water Park | Pocono Mountains,,https://www.google.com/maps/place/Great+Wolf+Lodge+Water+Park+%7C+Pocono+Mountains/data=!4m2!3m1!1s0x89c48ca17356fe59:0x129a61ace5f5e914,,
South Mountain Reservation,,https://www.google.com/maps/place/South+Mountain+Reservation/data=!4m2!3m1!1s0x89c3ac128a076313:0x7bf38cd5c0404ebb,,
Holmdel Park,,https://www.google.com/maps/place/Holmdel+Park/data=!4m2!3m1!1s0x89c2328edad3bef7:0x7d4b071762b8f8c6,,
Six Flags Great Adventure,,https://www.google.com/maps/place/Six+Flags+Great+Adventure/data=!4m2!3m1!1s0x89c164831c62ca1d:0x2bd60c6088332f46,,
Amma's South Indian Cuisine,,https://www.google.com/maps/place/Amma's+South+Indian+Cuisine/data=!4m2!3m1!1s0x89c6c77c41c322c7:0xa66682d7db68a43d,,
Muqueca Restaurant,,https://www.google.com/maps/place/Muqueca+Restaurant/data=!4m2!3m1!1s0x89e370b387413c39:0xf7668dc363e183d6,,
North Station,,https://www.google.com/maps/place/North+Station/data=!4m2!3m1!1s0x89e3708e162d05cb:0x651087057818603a,,
Boston Common,,https://www.google.com/maps/place/Boston+Common/data=!4m2!3m1!1s0x89e3709dbc6e232b:0x3f8683fc7ba94f04,,
Longfellow Bridge,,https://www.google.com/maps/place/Longfellow+Bridge/data=!4m2!3m1!1s0x89e370a2466335b3:0x487883f98e78c3e1,,
Area 2/MIT,,https://www.google.com/maps/place/Area+2%2FMIT/data=!4m2!3m1!1s0x89e370aa715924f5:0x3fd154976bbf1588,,
Harvard Yard,,https://www.google.com/maps/place/Harvard+Yard/data=!4m2!3m1!1s0x89e37743fcedd3c3:0xba29e000bdf1e890,,
Miss Saigon,,https://www.google.com/maps/place/Miss+Saigon/data=!4m2!3m1!1s0x89e6cdf6020ba50d:0xaa0f2b78383f8073,,
138 Columbia Dr,,https://www.google.com/maps/place/138+Columbia+Dr/data=!4m2!3m1!1s0x89e6d1e4c22bce0d:0x4477beb23991c66a,,
Worcester Commons,,https://www.google.com/maps/place/Worcester+Commons/data=!4m2!3m1!1s0x89e6d279b7905b2f:0xbc52d728d8533ae1,,
Sharpe Refectory,,https://www.google.com/maps/place/Sharpe+Refectory/data=!4m2!3m1!1s0x89e4453c88649823:0xa75d59863a45eea2,,
Quinnipiac University,,https://www.google.com/maps/place/Quinnipiac+University/data=!4m2!3m1!1s0x89e7cffeecf87957:0x69bbae8db0eb612b,,
The Yale Bookstore,,https://www.google.com/maps/place/The+Yale+Bookstore/data=!4m2!3m1!1s0x89e7d9b3d50e64a5:0x56e997b9aa3a78b2,,
City Island,,https://www.google.com/maps/place/City+Island/data=!4m2!3m1!1s0x89c28c78fb68c739:0x240137631c130cba,,
New York Botanical Garden,,https://www.google.com/maps/place/New+York+Botanical+Garden/data=!4m2!3m1!1s0x89c2f37cb80715c9:0xd73f5ca83441153f,,
Hamilton Crossing,,https://www.google.com/maps/place/Hamilton+Crossing/data=!4m2!3m1!1s0x89c295d2dc1fae1d:0x4844e2ee1a953bd0,,
Mason Sandwich Co.,,https://www.google.com/maps/place/Mason+Sandwich+Co./data=!4m2!3m1!1s0x89c292ef468f7575:0xa9089a679e7bf96b,,
Hastings Tea & Coffee,,https://www.google.com/maps/place/Hastings+Tea+%26+Coffee/data=!4m2!3m1!1s0x89c29436c519159f:0xc6fd81caa7a3efb2,,
Breakneck Ridge Trailhead,,https://www.google.com/maps/place/Breakneck+Ridge+Trailhead/data=!4m2!3m1!1s0x89dd3344e8137b53:0x2507e34fdd76e763,,
Hudson Highlands State Park,,https://www.google.com/maps/place/Hudson+Highlands+State+Park/data=!4m2!3m1!1s0x89c2cc92bbd620dd:0x4c692cff557ffa3a,,
The Foundry Rose,,https://www.google.com/maps/place/The+Foundry+Rose/data=!4m2!3m1!1s0x89c2cdad74550499:0x12c53dd0102780fe,,
Starbucks,,https://www.google.com/maps/place/Starbucks/data=!4m2!3m1!1s0x89dd3fb654af32dd:0x182c0a84cb77b007,,
Hunter Mountain,,https://www.google.com/maps/place/Hunter+Mountain/data=!4m2!3m1!1s0x89dc532ae6829f5d:0xd31d99a25818c277,,
Six Flags Darien Lake,,https://www.google.com/maps/place/Six+Flags+Darien+Lake/data=!4m2!3m1!1s0x89d395d51753a763:0xfad1053c06197101,,
Robert Purcell Community Center,,https://www.google.com/maps/place/Robert+Purcell+Community+Center/data=!4m2!3m1!1s0x89d082185f42e623:0xbee8088dbb2fc242,,
Tamarind,,https://www.google.com/maps/place/Tamarind/data=!4m2!3m1!1s0x89d08179f8c066d9:0x60cc2ef1e00bd93c,,
Collegetown Bagels,,https://www.google.com/maps/place/Collegetown+Bagels/data=!4m2!3m1!1s0x89d0818e789e35f9:0xf0a255e51bf3e60a,,
Low Rise 7,,https://www.google.com/maps/place/Low+Rise+7/data=!4m2!3m1!1s0x89d08219a11fc5f5:0x5ab989e585129efe,,
Le Moyne College,,https://www.google.com/maps/place/Le+Moyne+College/data=!4m2!3m1!1s0x89d9f32b497547f3:0xb4994613bcf9647c,,
Syracuse University,,https://www.google.com/maps/place/Syracuse+University/data=!4m2!3m1!1s0x89d9f39fba2ccc55:0x5e6089065251084d,,
Onondaga County Public Libraries: Central Library,,https://www.google.com/maps/place/Onondaga+County+Public+Libraries:+Central+Library/data=!4m2!3m1!1s0x89d9f3befd4524d3:0x361247b12a88c269,,
Cafe Kubal,,https://www.google.com/maps/place/Cafe+Kubal/data=!4m2!3m1!1s0x89d9f3bed82cafcb:0x40aa10b60c0c004e,,
Syracuse Walsh Regional Transportation Center,,https://www.google.com/maps/place/Syracuse+Walsh+Regional+Transportation+Center/data=!4m2!3m1!1s0x89d9f224f13ec177:0xd19c09875846c9bf,,
Onondaga Lake Park,,https://www.google.com/maps/place/Onondaga+Lake+Park/data=!4m2!3m1!1s0x89d9f1dc7b9dae23:0xbbf5eaa7ae9b98c4,,
Dunham Bay Marsh,,https://www.google.com/maps/place/Dunham+Bay+Marsh/data=!4m2!3m1!1s0x89dfdb5bd4c8dd01:0x943832ea82338ba9,,
Duffy's Tavern,,https://www.google.com/maps/place/Duffy's+Tavern/data=!4m2!3m1!1s0x89dfc45acd22a47f:0x4cb978d85a08ff30,,
The Olde Log Inn,,https://www.google.com/maps/place/The+Olde+Log+Inn/data=!4m2!3m1!1s0x89dfc46cca4b501d:0x31177181ec647778,,
Prospect Mountain,,https://www.google.com/maps/place/Prospect+Mountain/data=!4m2!3m1!1s0x89dfc429883fe93b:0x31160d38882e80b4,,
Million Dollar Beach,,https://www.google.com/maps/place/Million+Dollar+Beach/data=!4m2!3m1!1s0x89dfc455cc64173f:0xe9ec5208a77a25d2,,
Shepard Park,,https://www.google.com/maps/place/Shepard+Park/data=!4m2!3m1!1s0x89dfc5ae4c78055d:0x10515ae0228f22e8,,
Lake George Battleground State Campground,,https://www.google.com/maps/place/Lake+George+Battleground+State+Campground/data=!4m2!3m1!1s0x89dfc4531c62fca1:0x845e499dda36d00f,,
Skidmore College,,https://www.google.com/maps/place/Skidmore+College/data=!4m2!3m1!1s0x89de377075999361:0xad44e348ee0554b9,,
Kimball Hall,,https://www.google.com/maps/place/Kimball+Hall/data=!4m2!3m1!1s0x89de3770eae7a989:0x634751459bd1ea35,,
Congress Park,,https://www.google.com/maps/place/Congress+Park/data=!4m2!3m1!1s0x89de39d01196cadd:0x6a32e928fc642260,,
Wheatfields Restaurant and Bar,,https://www.google.com/maps/place/Wheatfields+Restaurant+and+Bar/data=!4m2!3m1!1s0x89de39d739ab0f81:0xb2644fe03e685f0e,,
Lyrical Ballad Bookstore,,https://www.google.com/maps/place/Lyrical+Ballad+Bookstore/data=!4m2!3m1!1s0x89de39d0c323817f:0x86857da64f0fff31,,
Montreal Biodome,,https://www.google.com/maps/place/Montreal+Biodome/data=!4m2!3m1!1s0x4cc91c0d04c267b1:0x1cc677ac9fbe265b,,
Old Montreal,,https://www.google.com/maps/place/Old+Montreal/data=!4m2!3m1!1s0x4cc91a56517f4b69:0x152ebdd5511588d3,,
CN Tower,,https://www.google.com/maps/place/CN+Tower/data=!4m2!3m1!1s0x882b34d68bf33a9b:0x15edd8c4de1c7581,,
Niagara Falls,,https://www.google.com/maps/place/Niagara+Falls/data=!4m2!3m1!1s0x89d34307412d7ae9:0x29be1d1e689ce35b,,
Tierra Garat,,https://www.google.com/maps/place/Tierra+Garat/data=!4m2!3m1!1s0x85d1f8ab5110c269:0x3182afc2dea8a474,,
Penn State Berkey Creamery,,https://www.google.com/maps/place/Penn+State+Berkey+Creamery/data=!4m2!3m1!1s0x89cea6247f5d0291:0x1bad3ba915a0d579,,
World Showcase,,https://www.google.com/maps/place/World+Showcase/data=!4m2!3m1!1s0x88dd7faf52aed9af:0xae7a41dea97df508,,
Yellowstone National Park,,https://www.google.com/maps/place/Yellowstone+National+Park/data=!4m2!3m1!1s0x5351e55555555555:0xaca8f930348fe1bb,,
Grand Teton National Park,,https://www.google.com/maps/place/Grand+Teton+National+Park/data=!4m2!3m1!1s0x5352519ec95d1ba9:0xa5a0b88ecc91a337,,
Temple Square,,https://www.google.com/maps/place/Temple+Square/data=!4m2!3m1!1s0x8752f508e4890ee9:0x8c57d6417504663d,,
Arches National Park,,https://www.google.com/maps/place/Arches+National+Park/data=!4m2!3m1!1s0x80caf61a860daa51:0x4f42ea69d128c495,,
Spruce Canyon,,https://www.google.com/maps/place/Spruce+Canyon/data=!4m2!3m1!1s0x80c33a428fd2684b:0x494f3dda11232e0a,,
Starbucks,,https://www.google.com/maps/place/Starbucks/data=!4m2!3m1!1s0x80c331ba93eecfe3:0x3e835338c13467d0,,
Chaparral Park,,https://www.google.com/maps/place/Chaparral+Park/data=!4m2!3m1!1s0x80c3304cad95879d:0x9dd7891cf6eadff1,,
Vons,,https://www.google.com/maps/place/Vons/data=!4m2!3m1!1s0x80c3304cf7ad21a3:0x41585d05dda9614,,
Ding Tea La Verne,,https://www.google.com/maps/place/Ding+Tea+La+Verne/data=!4m2!3m1!1s0x80c32fa309756d81:0x59524ac2a5eaaad1,,
Cactus Coffee,,https://www.google.com/maps/place/Cactus+Coffee/data=!4m2!3m1!1s0x80c32e4da944f649:0x86b5e811030411c5,,
Sanctuary Coffee,,https://www.google.com/maps/place/Sanctuary+Coffee/data=!4m2!3m1!1s0x80c331d42b380691:0x50448d502997fb56,,
Hi Family,,https://www.google.com/maps/place/Hi+Family/data=!4m2!3m1!1s0x80c331d156dff343:0x56e348e27a47144e,,
Trader Joe's,,https://www.google.com/maps/place/Trader+Joe's/data=!4m2!3m1!1s0x80c331cee5525df5:0x8bbd646299763ca,,
Shanghai Historical Museum,,https://www.google.com/maps/place/Shanghai+Historical+Museum/data=!4m2!3m1!1s0x35b2706af0b747db:0x6670e12e9a8246bb,,
Raffles City Chongqing,,https://www.google.com/maps/place/Raffles+City+Chongqing/data=!4m2!3m1!1s0x36933478a8223b03:0x5c601a7b4d4dda27,,
Wukang Mansion,,https://www.google.com/maps/place/Wukang+Mansion/data=!4m2!3m1!1s0x35b265493fceec15:0x7c2c88ec4f339581,,
Master of the Nets Garden,,https://www.google.com/maps/place/Master+of+the+Nets+Garden/data=!4m2!3m1!1s0x35b3a73a4a709d99:0x1491a3c6e020337d,,
Shantang Residential District,,https://www.google.com/maps/place/Shantang+Residential+District/data=!4m2!3m1!1s0x35b3a0df894001af:0x406fcc4464ad05d0,,
The Bund,,https://www.google.com/maps/place/The+Bund/data=!4m2!3m1!1s0x35b270578b874861:0x4d56fbed10d1af64,,
Li Zi Ba Gong Yuan,,https://www.google.com/maps/place/Li+Zi+Ba+Gong+Yuan/data=!4m2!3m1!1s0x369334b4b537b521:0x499f55b68a5266c9,,
Foreign Languages Bookstore,,https://www.google.com/maps/place/Foreign+Languages+Bookstore/data=!4m2!3m1!1s0x35b2705c634ba3fb:0xbbaf4b6cbc811fd5,,
Humble Administrator's Garden,,https://www.google.com/maps/place/Humble+Administrator's+Garden/data=!4m2!3m1!1s0x35b3a6cfe09f92f7:0xc8f57739a7809511,,
Lingyan Mountain,,https://www.google.com/maps/place/Lingyan+Mountain/data=!4m2!3m1!1s0x35b374e21c5017a5:0xf19f7ffbe8113272,,
Xujiahui Park,,https://www.google.com/maps/place/Xujiahui+Park/data=!4m2!3m1!1s0x35b26535acb63f69:0x1eb83f96ffa84314,,
Hunan Road Residential District,,https://www.google.com/maps/place/Hunan+Road+Residential+District/data=!4m2!3m1!1s0x35b26552c19adb47:0x8eba78c059eb5a5a,,
Lion Grove Garden,,https://www.google.com/maps/place/Lion+Grove+Garden/data=!4m2!3m1!1s0x35b3a6d042d2238f:0xf46a72c225ceae2,,
Shanghai Tower,,https://www.google.com/maps/place/Shanghai+Tower/data=!4m2!3m1!1s0x35b2706a26763e71:0x352a1022bb7caa28,,
Guanyinqiao Residential District,,https://www.google.com/maps/place/Guanyinqiao+Residential+District/data=!4m2!3m1!1s0x3693334f9598425d:0x2be10807479cec22,,
Longmenhao Old Street,,https://www.google.com/maps/place/Longmenhao+Old+Street/data=!4m2!3m1!1s0x36933470b771fe9f:0x3f144fafc8c28733,,
Nanjing Road Pedestrian Street,,https://www.google.com/maps/place/Nanjing+Road+Pedestrian+Street/data=!4m2!3m1!1s0x35b2704333cd8de3:0x2519a8f1d7d568ad,,
Shanggang'Er Dist,,https://www.google.com/maps/place/Shanggang'Er+Dist/data=!4m2!3m1!1s0x35b276c926f945e3:0xd516d19ba6643c85,,
Novotel Suzhou SIP,,https://www.google.com/maps/place/Novotel+Suzhou+SIP/data=!4m2!3m1!1s0x35b3a61b3ef25133:0xe87e887b04e5d2e4,,
Eling Park,,https://www.google.com/maps/place/Eling+Park/data=!4m2!3m1!1s0x369334b568e4d5bb:0x354b26bdf080478e,,
Raising Cane's Chicken Fingers,,https://www.google.com/maps/place/Raising+Cane's+Chicken+Fingers/data=!4m2!3m1!1s0x80c3310f356945e5:0x39707342409b0123,,
L'moon Creamery - Upland,,https://www.google.com/maps/place/L'moon+Creamery+-+Upland/data=!4m2!3m1!1s0x80c3313f8a031465:0x1739e288fa51a92b,,
In-N-Out Burger,,https://www.google.com/maps/place/In-N-Out+Burger/data=!4m2!3m1!1s0x80c3310bc2d17ab1:0x7c13f91e29a2fd20,,
Scripps College,,https://www.google.com/maps/place/Scripps+College/data=!4m2!3m1!1s0x80c331b8e3e36795:0xd3f652b16563a6b1,,
South Dorm,,https://www.google.com/maps/place/South+Dorm/data=!4m2!3m1!1s0x80c331b9edba7e8d:0x4ee4977474824ab6,,
Marston Quad,,https://www.google.com/maps/place/Marston+Quad/data=!4m2!3m1!1s0x80c331bf870c32ff:0xf105cc0fa98aa6d9,,
Bridges Auditorium,,https://www.google.com/maps/place/Bridges+Auditorium/data=!4m2!3m1!1s0x80c331bf94f3a7d3:0x31f7b3b0aa6c9223,,
The Great Wall of Los Angeles,,https://www.google.com/maps/place/The+Great+Wall+of+Los+Angeles/data=!4m2!3m1!1s0x80c29667dc9fd34f:0x5cdbdb1a729e2c0f,,
Neutra VDL Studio and Residences,,https://www.google.com/maps/place/Neutra+VDL+Studio+and+Residences/data=!4m2!3m1!1s0x80c2c72e935d8281:0x95200c1b10a93c60,,
Griffith Park,,https://www.google.com/maps/place/Griffith+Park/data=!4m2!3m1!1s0x80c2c07fd0a7a4f9:0xdf21f2039d19d419,,
The Battery Books & Music,,https://www.google.com/maps/place/The+Battery+Books+%26+Music/data=!4m2!3m1!1s0x80c2c489859da555:0x1a7936eb8413476b,,
Central Park,,https://www.google.com/maps/place/Central+Park/data=!4m2!3m1!1s0x80c2c37ae9dfcb73:0xfff64e9e5e2d1dc8,,
Fleming House,,https://www.google.com/maps/place/Fleming+House/data=!4m2!3m1!1s0x80c2c4a87b603c0d:0xec8ddec5954116e1,,
Sage Regenerative Kitchen Pasadena,,https://www.google.com/maps/place/Sage+Regenerative+Kitchen+Pasadena/data=!4m2!3m1!1s0x80c2c37168356f75:0x6fb8138b567cad7c,,
A Twosome Place,,https://www.google.com/maps/place/A+Twosome+Place/data=!4m2!3m1!1s0x357ca3c97a7f74f1:0xe87fe338d1cd4ab2,,
Tandoori Nite,,https://www.google.com/maps/place/Tandoori+Nite/data=!4m2!3m1!1s0x80857e9e6b798193:0xf33afc392c71155b,,
The Lawrence Hall of Science,,https://www.google.com/maps/place/The+Lawrence+Hall+of+Science/data=!4m2!3m1!1s0x80857c3eefdd5655:0x8d8c4ef47aeec69a,,
California Memorial Stadium,,https://www.google.com/maps/place/California+Memorial+Stadium/data=!4m2!3m1!1s0x80857c3085b6bb71:0x15470208dbfb10ec,,
Asha Tea House,,https://www.google.com/maps/place/Asha+Tea+House/data=!4m2!3m1!1s0x80857e9ef30ee2c5:0x3988b1281282871f,,
Parroquia San Juan Bautista,,https://www.google.com/maps/place/Parroquia+San+Juan+Bautista/data=!4m2!3m1!1s0x85d1ffc331ae7955:0x3adba5441ccc1405,,
Madre Cuixe Restaurante,,https://www.google.com/maps/place/Madre+Cuixe+Restaurante/data=!4m2!3m1!1s0x85d1ffb07242552b:0x492c373ba988b7f4,,
Kuzno,,https://www.google.com/maps/place/Kuzno/data=!4m2!3m1!1s0x85d1ff7cb20a49b9:0xf7555da1b510e0bc,,
Prince Tea House New Dorp,,https://www.google.com/maps/place/Prince+Tea+House+New+Dorp/data=!4m2!3m1!1s0x89c2498326293f61:0xce75df7dd7b40d68,,
Snug Harbor Cultural Center & Botanical Garden,,https://www.google.com/maps/place/Snug+Harbor+Cultural+Center+%26+Botanical+Garden/data=!4m2!3m1!1s0x89c24e229a8afdc3:0xaf927dc8b2dd27b6,,
425 Summit Ave,,https://www.google.com/maps/place/425+Summit+Ave/data=!4m2!3m1!1s0x89c25733b70c2f15:0xbae105b2a5c5c88a,,
Princeton University Art Museum,,https://www.google.com/maps/place/Princeton+University+Art+Museum/data=!4m2!3m1!1s0x89c3e6c15491f353:0x826437a77f5a8470,,
Nam Phuong Restaurant,,https://www.google.com/maps/place/Nam+Phuong+Restaurant/data=!4m2!3m1!1s0x89c6c618c3857211:0x7216ee9bd9d1395,,
DanDan Rittenhouse,,https://www.google.com/maps/place/DanDan+Rittenhouse/data=!4m2!3m1!1s0x89c6c6300d3ebc2d:0xca520c17c54319d2,,
Unit Su Vege,,https://www.google.com/maps/place/Unit+Su+Vege/data=!4m2!3m1!1s0x89c6c7e7f0d15efb:0xbe018122ad5fbd0c,,
Prince Tea House,,https://www.google.com/maps/place/Prince+Tea+House/data=!4m2!3m1!1s0x89c6c931a1805177:0x824bbd62f06de505,,
Tea Do,,https://www.google.com/maps/place/Tea+Do/data=!4m2!3m1!1s0x89c6c62a40f4b733:0x73bfeec1898f272b,,
Penang Malaysian Cuisine,,https://www.google.com/maps/place/Penang+Malaysian+Cuisine/data=!4m2!3m1!1s0x89c6c62a3dd97b93:0x99b3e5f4db074aa9,,
Möge Tee,,https://www.google.com/maps/place/M%C3%B6ge+Tee/data=!4m2!3m1!1s0x89c6c7c66cdf9be3:0xef8bb2a65ebde0f8,,
Philly AIDS Thrift @ Giovanni's Room,,https://www.google.com/maps/place/Philly+AIDS+Thrift+@+Giovanni's+Room/data=!4m2!3m1!1s0x89c6c6243d741123:0x38fa6ac19a3e9f2d,,
Geno's Steaks,,https://www.google.com/maps/place/Geno's+Steaks/data=!4m2!3m1!1s0x89c6c61c1958c901:0xa2a4c589ef72ebc3,,
BAP,,https://www.google.com/maps/place/BAP/data=!4m2!3m1!1s0x89c6c62390a73a7d:0xe8c7fcb7cc664b81,,
Vedge,,https://www.google.com/maps/place/Vedge/data=!4m2!3m1!1s0x89c6c625eebdfb75:0x5ca70c28873cbf9b,,
Philadelphia City Hall,,https://www.google.com/maps/place/Philadelphia+City+Hall/data=!4m2!3m1!1s0x89c6a1a0d0bbbfc9:0x9b6b64e3977584e5,,
Konditori Coffee,,https://www.google.com/maps/place/Konditori+Coffee/data=!4m2!3m1!1s0x89c6c6305716628f:0xffef165b5f48e2d1,,
QDOBA Mexican Eats,,https://www.google.com/maps/place/QDOBA+Mexican+Eats/data=!4m2!3m1!1s0x89c6c6300bc84787:0x7d965f9fe1446d4a,,
The Dandelion,,https://www.google.com/maps/place/The+Dandelion/data=!4m2!3m1!1s0x89c6c630bdc40609:0x325c4c9c3a5ce59d,,
Rittenhouse Square,,https://www.google.com/maps/place/Rittenhouse+Square/data=!4m2!3m1!1s0x89c6c63ba89a53cd:0x9a21f09ff2e9fc3c,,
Barclay Prime,,https://www.google.com/maps/place/Barclay+Prime/data=!4m2!3m1!1s0x89c6c63a3e863685:0x7c2d3557cada4699,,
Fine Wine & Good Spirits,,https://www.google.com/maps/place/Fine+Wine+%26+Good+Spirits/data=!4m2!3m1!1s0x89c6c636fed89b8d:0x1f1eb4fbac592ad7,,
Philadelphia Museum of Art,,https://www.google.com/maps/place/Philadelphia+Museum+of+Art/data=!4m2!3m1!1s0x89c6c5e645a890ff:0x8b2876210329c0d3,,
Cescaphe,,https://www.google.com/maps/place/Cescaphe/data=!4m2!3m1!1s0x89c65b889d14d419:0x4aa0afb16e152bf,,
Philadelphia Zoo,,https://www.google.com/maps/place/Philadelphia+Zoo/data=!4m2!3m1!1s0x89c6c77394277f8b:0xbfc7f1760bbf1a6a,,
DJ Kitchen,,https://www.google.com/maps/place/DJ+Kitchen/data=!4m2!3m1!1s0x89c6b9c35ff8a269:0xdfacade160f0a57,,
Maido! A Marketplace of Japan,,https://www.google.com/maps/place/Maido!+A+Marketplace+of+Japan/data=!4m2!3m1!1s0x89c6c08659e95753:0x8be55b49722265a7,,
Susquehanna International Group LLP,,https://www.google.com/maps/place/Susquehanna+International+Group+LLP/data=!4m2!3m1!1s0x89c6b89d387b6871:0x623bca19e44c3716,,
Sunoco,,https://www.google.com/maps/place/Sunoco/data=!4m2!3m1!1s0x89c6bf8aebf83733:0x2708bcf5fb8b1ecb,,
Park Science Center,,https://www.google.com/maps/place/Park+Science+Center/data=!4m2!3m1!1s0x89c6bf92623ff21f:0xe05b9f82e30e90b1,,
Denbigh Hall,,https://www.google.com/maps/place/Denbigh+Hall/data=!4m2!3m1!1s0x89c6bf8de3096a4f:0xea0c03b5f5b69265,,
QDOBA Mexican Eats,,https://www.google.com/maps/place/QDOBA+Mexican+Eats/data=!4m2!3m1!1s0x89c6bf8a9322e73b:0xaa7f198e26fa5cf4,,
Crystal Gateway Marriott,,https://www.google.com/maps/place/Crystal+Gateway+Marriott/data=!4m2!3m1!1s0x89b7b72658ce8dc1:0x3e9fc216685da833,,
Klondike Gold Rush National Historical Park,,https://www.google.com/maps/place/Klondike+Gold+Rush+National+Historical+Park/data=!4m2!3m1!1s0x56aaaccb90000001:0xce87e9578981da66,,
Mount Roberts Tramway,,https://www.google.com/maps/place/Mount+Roberts+Tramway/data=!4m2!3m1!1s0x5400df78576a827b:0xd5153c15cfaef33c,,
Chilkoot Trail National Historic Site,,https://www.google.com/maps/place/Chilkoot+Trail+National+Historic+Site/data=!4m2!3m1!1s0x51554f5e060ac661:0xca850507fb968185,,
Alaska SeaLife Center,,https://www.google.com/maps/place/Alaska+SeaLife+Center/data=!4m2!3m1!1s0x56c79c622bf41389:0x95b8a62ab521529,,
Icy Strait Point,,https://www.google.com/maps/place/Icy+Strait+Point/data=!4m2!3m1!1s0x54011e1f313d46b3:0x85a8cf8df7a21943,,
Kirin Restaurant,,https://www.google.com/maps/place/Kirin+Restaurant/data=!4m2!3m1!1s0x54867180de6c9c55:0x4408535352174298,,
Capilano Suspension Bridge Park,,https://www.google.com/maps/place/Capilano+Suspension+Bridge+Park/data=!4m2!3m1!1s0x54866fd200dcde49:0xf350b3ec85130f5e,,
Garden of the Gods,,https://www.google.com/maps/place/Garden+of+the+Gods/data=!4m2!3m1!1s0x87135012b5cc9c93:0x4e9df5263bf6dab,,
Manitou Springs,,https://www.google.com/maps/place/Manitou+Springs/data=!4m2!3m1!1s0x8713509fcf049499:0xa53d21dbae6b97ab,,
United States Air Force Academy,,https://www.google.com/maps/place/United+States+Air+Force+Academy/data=!4m2!3m1!1s0x871352d85c1c50b5:0x61f61040a60f6f32,,
Cloud Gate,,https://www.google.com/maps/place/Cloud+Gate/data=!4m2!3m1!1s0x880e2ca687332bf5:0x64d3fefce3a4a51,,
Millennium Park,,https://www.google.com/maps/place/Millennium+Park/data=!4m2!3m1!1s0x880e2ca68a4f9c03:0x44182cdcb5a91004,,
The University of Chicago,,https://www.google.com/maps/place/The+University+of+Chicago/data=!4m2!3m1!1s0x880e291613664845:0x5f7f65cf00d2f5ca,,
Lou Malnati's Pizzeria,,https://www.google.com/maps/place/Lou+Malnati's+Pizzeria/data=!4m2!3m1!1s0x880e2c99f4fba789:0x3391da854435bd98,,
Hortus Botanicus Leiden,,https://www.google.com/maps/place/Hortus+Botanicus+Leiden/data=!4m2!3m1!1s0x47c5c6efe019d193:0x7d3795c652143fbf,,
Coffeeshop Trefpunt Rotterdam,,https://www.google.com/maps/place/Coffeeshop+Trefpunt+Rotterdam/data=!4m2!3m1!1s0x47c4335a3712d167:0xe5fe1fc634eaa218,,
Atomium,,https://www.google.com/maps/place/Atomium/data=!4m2!3m1!1s0x47c3c3ac00000001:0x5293071d68a63709,,
Musical Instruments Museum,,https://www.google.com/maps/place/Musical+Instruments+Museum/data=!4m2!3m1!1s0x47c3c480b41468cf:0x2521d2012cf3e663,,
Midnight Hôtel Paris,,https://www.google.com/maps/place/Midnight+H%C3%B4tel+Paris/data=!4m2!3m1!1s0x47e66e6d401912fb:0x591c4bf72c40a329,,
Chongqing Hongyadong （Northwest Gate）,,https://www.google.com/maps/place/Chongqing+Hongyadong+%EF%BC%88Northwest+Gate%EF%BC%89/data=!4m2!3m1!1s0x36933481754ea899:0xae24c6d5f2f2f75,,
Chalet La Renardière,,https://www.google.com/maps/place/Chalet+La+Renardi%C3%A8re/data=!4m2!3m1!1s0x478951d8eb786d9b:0xf473630152fa4fd6,,
Musée Cinéma et Miniature,,https://www.google.com/maps/place/Mus%C3%A9e+Cin%C3%A9ma+et+Miniature/data=!4m2!3m1!1s0x47f4ebaae27be5ef:0xe300013405b2077b,,
Les Clés Secrètes Sète,,https://www.google.com/maps/place/Les+Cl%C3%A9s+Secr%C3%A8tes+S%C3%A8te/data=!4m2!3m1!1s0x12b135c7efa7dec7:0x3a26ea21445e3f20,,
Monistrol de Montserrat,,https://www.google.com/maps/place/Monistrol+de+Montserrat/data=!4m2!3m1!1s0x12a4f56b74016a91:0xa4581bde034cb926,,
Hostal Vehí,,https://www.google.com/maps/place/Hostal+Veh%C3%AD/data=!4m2!3m1!1s0x12ba6f6a801665e3:0x78e4295decaf700e,,
L’Aquàrium de Barcelona,,https://www.google.com/maps/place/L%E2%80%99Aqu%C3%A0rium+de+Barcelona/data=!4m2!3m1!1s0x12a4a254b5b360b5:0x3b20125368799960,,
Hotel Ambit Barcelona,,https://www.google.com/maps/place/Hotel+Ambit+Barcelona/data=!4m2!3m1!1s0x12a4a2f1d5ffae3d:0x6f7708367c60d0d1,,
Bodhi Kosher Vegetarian Restaurant,,https://www.google.com/maps/place/Bodhi+Kosher+Vegetarian+Restaurant/data=!4m2!3m1!1s0x89c25a273e673af7:0xac5c8a8eb2721c76,,
bicos Restaurante,,https://www.google.com/maps/place/bicos+Restaurante/data=!4m2!3m1!1s0x12a4a2e7fb2850e3:0x6c4086d21edef9ba,,
Platja des Sortell,,https://www.google.com/maps/place/Platja+des+Sortell/data=!4m2!3m1!1s0x12ba6f475f3a69dd:0x56c4ae755acb4318,,
Harpers Bread House,,https://www.google.com/maps/place/Harpers+Bread+House/data=!4m2!3m1!1s0x89c2598796978007:0xf0765d399fbcd979,,
Gothic Quarter,,https://www.google.com/maps/place/Gothic+Quarter/data=!4m2!3m1!1s0x12a4a2f8901e0681:0xb7e57ec538cda7af,,
Cala sa Sabolla,,https://www.google.com/maps/place/Cala+sa+Sabolla/data=!4m2!3m1!1s0x12ba6f3490198133:0x3c0cb5e4c06de65d,,
Basílica de la Sagrada Família,,https://www.google.com/maps/place/Bas%C3%ADlica+de+la+Sagrada+Fam%C3%ADlia/data=!4m2!3m1!1s0x12a4a2dcd83dfb93:0x9bd8aac21bc3c950,,
King Dumplings,,https://www.google.com/maps/place/King+Dumplings/data=!4m2!3m1!1s0x89c25b53a5ad45c1:0x24b7f9c31a2a7615,,
Seward Park,,https://www.google.com/maps/place/Seward+Park/data=!4m2!3m1!1s0x89c25a2989428581:0x43c2bd3ad9803c0c,,
Metrograph,,https://www.google.com/maps/place/Metrograph/data=!4m2!3m1!1s0x89c25a29b0ecc1e7:0x56ae0ed254bafa79,,
Manousheh Grand,,https://www.google.com/maps/place/Manousheh+Grand/data=!4m2!3m1!1s0x89c25b4de1d10539:0xba39bc319d02197e,,
Ost Cafe,,https://www.google.com/maps/place/Ost+Cafe/data=!4m2!3m1!1s0x89c25bd5466777b7:0x1c85e6819d6ada57,,
Pier 35,,https://www.google.com/maps/place/Pier+35/data=!4m2!3m1!1s0x89c25a2c43dbfec5:0xfbdda7dad7ecea3b,,
Sen Saigon,,https://www.google.com/maps/place/Sen+Saigon/data=!4m2!3m1!1s0x89c25ba3c65debef:0xa9608c94633f3c57,,
Chamonix,,https://www.google.com/maps/place/Chamonix/data=!4m2!3m1!1s0x47894c062dfe2ee7:0x408ab2ae4baa380,,
Aiguille du Midi,,https://www.google.com/maps/place/Aiguille+du+Midi/data=!4m2!3m1!1s0x47894f1a8a153625:0x8814601674c66bfc,,
Jet d'Eau de Genève,,https://www.google.com/maps/place/Jet+d'Eau+de+Gen%C3%A8ve/data=!4m2!3m1!1s0x478c653a624987c5:0x37fb9048f509248,,
Amsterdam Central,,https://www.google.com/maps/place/Amsterdam+Central/data=!4m2!3m1!1s0x47c609b70dd81623:0xcae71b8d3adfd142,,
Stedelijk Museum Amsterdam,,https://www.google.com/maps/place/Stedelijk+Museum+Amsterdam/data=!4m2!3m1!1s0x47c609e567e9302b:0xec3c9aad1ccadbea,,
Strand van Katwijk aan Zee,,https://www.google.com/maps/place/Strand+van+Katwijk+aan+Zee/data=!4m2!3m1!1s0x47c5bfc995429caf:0x26eeef2566266669,,
Het Binnenhof,,https://www.google.com/maps/place/Het+Binnenhof/data=!4m2!3m1!1s0x47c5b73b26c4adcf:0xa497bff9d8316c55,,
Kijk-Kubus Museum-house,,https://www.google.com/maps/place/Kijk-Kubus+Museum-house/data=!4m2!3m1!1s0x47c43343557fef99:0x56d0b49d94f1a5be,,
Grand Place,,https://www.google.com/maps/place/Grand+Place/data=!4m2!3m1!1s0x47c3c47f4614f1f1:0xb03c355d8fe2cfb6,,
Musée des Arts et Métiers,,https://www.google.com/maps/place/Mus%C3%A9e+des+Arts+et+M%C3%A9tiers/data=!4m2!3m1!1s0x47e66e1aa6c84435:0x772045ec563b1de2,,
Musée d'Orsay,,https://www.google.com/maps/place/Mus%C3%A9e+d'Orsay/data=!4m2!3m1!1s0x47e66e2bb630941b:0xd071bd8cb14423d8,,
Ganzenhoek,,https://www.google.com/maps/place/Ganzenhoek/data=!4m2!3m1!1s0x47c5b9023cc60195:0x6deb30a04344f31f,,
Restaurant El Barroco,,https://www.google.com/maps/place/Restaurant+El+Barroco/data=!4m2!3m1!1s0x12ba6f6a754d19d1:0x612b010f55ab035d,,
Seward Park Library,,https://www.google.com/maps/place/Seward+Park+Library/data=!4m2!3m1!1s0x89c25a2a2f1beb67:0x7779594c59331d08,,
Kopitiam,,https://www.google.com/maps/place/Kopitiam/data=!4m2!3m1!1s0x89c25a29ad3e2a09:0xf4de9982d056255d,,
100 Grand Ave,,https://www.google.com/maps/place/100+Grand+Ave/data=!4m2!3m1!1s0x89c25bc0c72d8cc1:0x7509646568fad7df,,
Petee's Café,,https://www.google.com/maps/place/Petee's+Caf%C3%A9/data=!4m2!3m1!1s0x89c25bf7c11619e7:0xd22f4113e7ce6ef9,,
Xiannvshanzhen,,https://www.google.com/maps/place/Xiannvshanzhen/data=!4m2!3m1!1s0x3693c41f447a40f7:0xd3b8fa0789fbb2be,,
Three Natural Bridges,,https://www.google.com/maps/place/Three+Natural+Bridges/data=!4m2!3m1!1s0x3693c4424d96a013:0xba8688887994ebab,,
Longshuixia Difeng,,https://www.google.com/maps/place/Longshuixia+Difeng/data=!4m2!3m1!1s0x3693c38a1f3db9c7:0xb27d44682af14864,,
Su Zhou Hu Qiu Shi Di Gong Yuan,,https://www.google.com/maps/place/Su+Zhou+Hu+Qiu+Shi+Di+Gong+Yuan/data=!4m2!3m1!1s0x35b3a179b8ddffaf:0x5badd545186698ef,,
